{"type": "metrics", "dataset": "train", "precision": 0.6920647453612317, "balanced_accuracy": 0.6614701091457316, "recall": 0.371005291005291, "f1_score": 0.4830531826949573}
{"type": "metrics", "dataset": "test", "precision": 0.6730945821854912, "balanced_accuracy": 0.6671213884169126, "recall": 0.3845750262329486, "f1_score": 0.4894824707846411}
{"type": "cm_matrix", "dataset": "train", "true_0": {"predicted_0": 15448, "predicted_1": 780}, "true_1": {"predicted_0": 2972, "predicted_1": 1753}}
{"type": "cm_matrix", "dataset": "test", "true_0": {"predicted_0": 6717, "predicted_1": 356}, "true_1": {"predicted_0": 1173, "predicted_1": 733}}
